Name,Type 1,Type 2,Total,HP,Attack,Defense,Sp. Atk,Sp. Def,Speed,Generation,Legendary
Bulbasaur,Grass,Poison,318,45,49,49,65,65,45,1,False
Ivysaur,Grass,Poison,405,60,62,63,80,80,60,1,False
Venusaur,Grass,Poison,525,80,82,83,100,100,80,1,False
Charmander,Fire,Unknown,309,39,52,43,60,50,65,1,False
Charmeleon,Fire,Unknown,405,58,64,58,80,65,80,1,False
Charizard,Fire,Flying,534,78,84,78,109,85,100,1,False
Squirtle,Water,Unknown,314,44,48,65,50,64,43,1,False
Wartortle,Water,Unknown,405,59,63,80,65,80,58,1,False
Blastoise,Water,Unknown,530,79,83,100,85,105,78,1,False
Caterpie,Bug,Unknown,195,45,30,35,20,20,45,1,False
Metapod,Bug,Unknown,205,50,20,55,25,25,30,1,False
Butterfree,Bug,Flying,395,60,45,50,90,80,70,1,False
Weedle,Bug,Poison,195,40,35,30,20,20,50,1,False
Kakuna,Bug,Poison,205,45,25,50,25,25,35,1,False
Beedrill,Bug,Poison,395,65,90,40,45,80,75,1,False
Pidgey,Normal,Flying,251,40,45,40,35,35,56,1,False
Pidgeotto,Normal,Flying,349,63,60,55,50,50,71,1,False
Pidgeot,Normal,Flying,479,83,80,75,70,70,101,1,False
Rattata,Normal,Unknown,253,30,56,35,25,35,72,1,False
Raticate,Normal,Unknown,413,55,81,60,50,70,97,1,False
Spearow,Normal,Flying,262,40,60,30,31,31,70,1,False
Fearow,Normal,Flying,442,65,90,65,61,61,100,1,False
Ekans,Poison,Unknown,288,35,60,44,40,54,55,1,False
Arbok,Poison,Unknown,438,60,85,69,65,79,80,1,False
Pikachu,Electric,Unknown,320,35,55,40,50,50,90,1,False
Raichu,Electric,Unknown,485,60,90,55,90,80,110,1,False
Sandshrew,Ground,Unknown,300,50,75,85,20,30,40,1,False
Sandslash,Ground,Unknown,450,75,100,110,45,55,65,1,False
Nidoran♀,Poison,Unknown,275,55,47,52,40,40,41,1,False
Nidorina,Poison,Unknown,365,70,62,67,55,55,56,1,False
Nidoqueen,Poison,Ground,505,90,92,87,75,85,76,1,False
Nidoran♂,Poison,Unknown,273,46,57,40,40,40,50,1,False
Nidorino,Poison,Unknown,365,61,72,57,55,55,65,1,False
Nidoking,Poison,Ground,505,81,102,77,85,75,85,1,False
Clefairy,Fairy,Unknown,323,70,45,48,60,65,35,1,False
Clefable,Fairy,Unknown,483,95,70,73,95,90,60,1,False
Vulpix,Fire,Unknown,299,38,41,40,50,65,65,1,False
Ninetales,Fire,Unknown,505,73,76,75,81,100,100,1,False
Jigglypuff,Normal,Fairy,270,115,45,20,45,25,20,1,False
Wigglytuff,Normal,Fairy,435,140,70,45,85,50,45,1,False
Zubat,Poison,Flying,245,40,45,35,30,40,55,1,False
Golbat,Poison,Flying,455,75,80,70,65,75,90,1,False
Oddish,Grass,Poison,320,45,50,55,75,65,30,1,False
Gloom,Grass,Poison,395,60,65,70,85,75,40,1,False
Vileplume,Grass,Poison,490,75,80,85,110,90,50,1,False
Paras,Bug,Grass,285,35,70,55,45,55,25,1,False
Parasect,Bug,Grass,405,60,95,80,60,80,30,1,False
Venonat,Bug,Poison,305,60,55,50,40,55,45,1,False
Venomoth,Bug,Poison,450,70,65,60,90,75,90,1,False
Diglett,Ground,Unknown,265,10,55,25,35,45,95,1,False
Dugtrio,Ground,Unknown,405,35,80,50,50,70,120,1,False
Meowth,Normal,Unknown,290,40,45,35,40,40,90,1,False
Persian,Normal,Unknown,440,65,70,60,65,65,115,1,False
Psyduck,Water,Unknown,320,50,52,48,65,50,55,1,False
Golduck,Water,Unknown,500,80,82,78,95,80,85,1,False
Mankey,Fighting,Unknown,305,40,80,35,35,45,70,1,False
Primeape,Fighting,Unknown,455,65,105,60,60,70,95,1,False
Growlithe,Fire,Unknown,350,55,70,45,70,50,60,1,False
Arcanine,Fire,Unknown,555,90,110,80,100,80,95,1,False
Poliwag,Water,Unknown,300,40,50,40,40,40,90,1,False
Poliwhirl,Water,Unknown,385,65,65,65,50,50,90,1,False
Poliwrath,Water,Fighting,510,90,95,95,70,90,70,1,False
Abra,Psychic,Unknown,310,25,20,15,105,55,90,1,False
Kadabra,Psychic,Unknown,400,40,35,30,120,70,105,1,False
Alakazam,Psychic,Unknown,500,55,50,45,135,95,120,1,False
Machop,Fighting,Unknown,305,70,80,50,35,35,35,1,False
Machoke,Fighting,Unknown,405,80,100,70,50,60,45,1,False
Machamp,Fighting,Unknown,505,90,130,80,65,85,55,1,False
Bellsprout,Grass,Poison,300,50,75,35,70,30,40,1,False
Weepinbell,Grass,Poison,390,65,90,50,85,45,55,1,False
Victreebel,Grass,Poison,490,80,105,65,100,70,70,1,False
Tentacool,Water,Poison,335,40,40,35,50,100,70,1,False
Tentacruel,Water,Poison,515,80,70,65,80,120,100,1,False
Geodude,Rock,Ground,300,40,80,100,30,30,20,1,False
Graveler,Rock,Ground,390,55,95,115,45,45,35,1,False
Golem,Rock,Ground,495,80,120,130,55,65,45,1,False
Ponyta,Fire,Unknown,410,50,85,55,65,65,90,1,False
Rapidash,Fire,Unknown,500,65,100,70,80,80,105,1,False
Slowpoke,Water,Psychic,315,90,65,65,40,40,15,1,False
Slowbro,Water,Psychic,490,95,75,110,100,80,30,1,False
Magnemite,Electric,Steel,325,25,35,70,95,55,45,1,False
Magneton,Electric,Steel,465,50,60,95,120,70,70,1,False
Farfetch'd,Normal,Flying,352,52,65,55,58,62,60,1,False
Doduo,Normal,Flying,310,35,85,45,35,35,75,1,False
Dodrio,Normal,Flying,460,60,110,70,60,60,100,1,False
Seel,Water,Unknown,325,65,45,55,45,70,45,1,False
Dewgong,Water,Ice,475,90,70,80,70,95,70,1,False
Grimer,Poison,Unknown,325,80,80,50,40,50,25,1,False
Muk,Poison,Unknown,500,105,105,75,65,100,50,1,False
Shellder,Water,Unknown,305,30,65,100,45,25,40,1,False
Cloyster,Water,Ice,525,50,95,180,85,45,70,1,False
Gastly,Ghost,Poison,310,30,35,30,100,35,80,1,False
Haunter,Ghost,Poison,405,45,50,45,115,55,95,1,False
Gengar,Ghost,Poison,500,60,65,60,130,75,110,1,False
Onix,Rock,Ground,385,35,45,160,30,45,70,1,False
Drowzee,Psychic,Unknown,328,60,48,45,43,90,42,1,False
Hypno,Psychic,Unknown,483,85,73,70,73,115,67,1,False
Krabby,Water,Unknown,325,30,105,90,25,25,50,1,False
Kingler,Water,Unknown,475,55,130,115,50,50,75,1,False
Voltorb,Electric,Unknown,330,40,30,50,55,55,100,1,False
Electrode,Electric,Unknown,480,60,50,70,80,80,140,1,False
Exeggcute,Grass,Psychic,325,60,40,80,60,45,40,1,False
Exeggutor,Grass,Psychic,520,95,95,85,125,65,55,1,False
Cubone,Ground,Unknown,320,50,50,95,40,50,35,1,False
Marowak,Ground,Unknown,425,60,80,110,50,80,45,1,False
Hitmonlee,Fighting,Unknown,455,50,120,53,35,110,87,1,False
Hitmonchan,Fighting,Unknown,455,50,105,79,35,110,76,1,False
Lickitung,Normal,Unknown,385,90,55,75,60,75,30,1,False
Koffing,Poison,Unknown,340,40,65,95,60,45,35,1,False
Weezing,Poison,Unknown,490,65,90,120,85,70,60,1,False
Rhyhorn,Ground,Rock,345,80,85,95,30,30,25,1,False
Rhydon,Ground,Rock,485,105,130,120,45,45,40,1,False
Chansey,Normal,Unknown,450,250,5,5,35,105,50,1,False
Tangela,Grass,Unknown,435,65,55,115,100,40,60,1,False
Kangaskhan,Normal,Unknown,490,105,95,80,40,80,90,1,False
Horsea,Water,Unknown,295,30,40,70,70,25,60,1,False
Seadra,Water,Unknown,440,55,65,95,95,45,85,1,False
Goldeen,Water,Unknown,320,45,67,60,35,50,63,1,False
Seaking,Water,Unknown,450,80,92,65,65,80,68,1,False
Staryu,Water,Unknown,340,30,45,55,70,55,85,1,False
Starmie,Water,Psychic,520,60,75,85,100,85,115,1,False
Mr. Mime,Psychic,Fairy,460,40,45,65,100,120,90,1,False
Scyther,Bug,Flying,500,70,110,80,55,80,105,1,False
Jynx,Ice,Psychic,455,65,50,35,115,95,95,1,False
Electabuzz,Electric,Unknown,490,65,83,57,95,85,105,1,False
Magmar,Fire,Unknown,495,65,95,57,100,85,93,1,False
Pinsir,Bug,Unknown,500,65,125,100,55,70,85,1,False
Tauros,Normal,Unknown,490,75,100,95,40,70,110,1,False
Magikarp,Water,Unknown,200,20,10,55,15,20,80,1,False
Gyarados,Water,Flying,540,95,125,79,60,100,81,1,False
Lapras,Water,Ice,535,130,85,80,85,95,60,1,False
Ditto,Normal,Unknown,288,48,48,48,48,48,48,1,False
Eevee,Normal,Unknown,325,55,55,50,45,65,55,1,False
Vaporeon,Water,Unknown,525,130,65,60,110,95,65,1,False
Jolteon,Electric,Unknown,525,65,65,60,110,95,130,1,False
Flareon,Fire,Unknown,525,65,130,60,95,110,65,1,False
Porygon,Normal,Unknown,395,65,60,70,85,75,40,1,False
Omanyte,Rock,Water,355,35,40,100,90,55,35,1,False
Omastar,Rock,Water,495,70,60,125,115,70,55,1,False
Kabuto,Rock,Water,355,30,80,90,55,45,55,1,False
Kabutops,Rock,Water,495,60,115,105,65,70,80,1,False
Aerodactyl,Rock,Flying,515,80,105,65,60,75,130,1,False
Snorlax,Normal,Unknown,540,160,110,65,65,110,30,1,False
Articuno,Ice,Flying,580,90,85,100,95,125,85,1,True
Zapdos,Electric,Flying,580,90,90,85,125,90,100,1,True
Moltres,Fire,Flying,580,90,100,90,125,85,90,1,True
Dratini,Dragon,Unknown,300,41,64,45,50,50,50,1,False
Dragonair,Dragon,Unknown,420,61,84,65,70,70,70,1,False
Dragonite,Dragon,Flying,600,91,134,95,100,100,80,1,False
Mewtwo,Psychic,Unknown,680,106,110,90,154,90,130,1,True
Mew,Psychic,Unknown,600,100,100,100,100,100,100,1,False
Chikorita,Grass,Unknown,318,45,49,65,49,65,45,2,False
Bayleef,Grass,Unknown,405,60,62,80,63,80,60,2,False
Meganium,Grass,Unknown,525,80,82,100,83,100,80,2,False
Cyndaquil,Fire,Unknown,309,39,52,43,60,50,65,2,False
Quilava,Fire,Unknown,405,58,64,58,80,65,80,2,False
Typhlosion,Fire,Unknown,534,78,84,78,109,85,100,2,False
Totodile,Water,Unknown,314,50,65,64,44,48,43,2,False
Croconaw,Water,Unknown,405,65,80,80,59,63,58,2,False
Feraligatr,Water,Unknown,530,85,105,100,79,83,78,2,False
Sentret,Normal,Unknown,215,35,46,34,35,45,20,2,False
Furret,Normal,Unknown,415,85,76,64,45,55,90,2,False
Hoothoot,Normal,Flying,262,60,30,30,36,56,50,2,False
Noctowl,Normal,Flying,442,100,50,50,76,96,70,2,False
Ledyba,Bug,Flying,265,40,20,30,40,80,55,2,False
Ledian,Bug,Flying,390,55,35,50,55,110,85,2,False
Spinarak,Bug,Poison,250,40,60,40,40,40,30,2,False
Ariados,Bug,Poison,390,70,90,70,60,60,40,2,False
Crobat,Poison,Flying,535,85,90,80,70,80,130,2,False
Chinchou,Water,Electric,330,75,38,38,56,56,67,2,False
Lanturn,Water,Electric,460,125,58,58,76,76,67,2,False
Pichu,Electric,Unknown,205,20,40,15,35,35,60,2,False
Cleffa,Fairy,Unknown,218,50,25,28,45,55,15,2,False
Igglybuff,Normal,Fairy,210,90,30,15,40,20,15,2,False
Togepi,Fairy,Unknown,245,35,20,65,40,65,20,2,False
Togetic,Fairy,Flying,405,55,40,85,80,105,40,2,False
Natu,Psychic,Flying,320,40,50,45,70,45,70,2,False
Xatu,Psychic,Flying,470,65,75,70,95,70,95,2,False
Mareep,Electric,Unknown,280,55,40,40,65,45,35,2,False
Flaaffy,Electric,Unknown,365,70,55,55,80,60,45,2,False
Ampharos,Electric,Unknown,510,90,75,85,115,90,55,2,False
Bellossom,Grass,Unknown,490,75,80,95,90,100,50,2,False
Marill,Water,Fairy,250,70,20,50,20,50,40,2,False
Azumarill,Water,Fairy,420,100,50,80,60,80,50,2,False
Sudowoodo,Rock,Unknown,410,70,100,115,30,65,30,2,False
Politoed,Water,Unknown,500,90,75,75,90,100,70,2,False
Hoppip,Grass,Flying,250,35,35,40,35,55,50,2,False
Skiploom,Grass,Flying,340,55,45,50,45,65,80,2,False
Jumpluff,Grass,Flying,460,75,55,70,55,95,110,2,False
Aipom,Normal,Unknown,360,55,70,55,40,55,85,2,False
Sunkern,Grass,Unknown,180,30,30,30,30,30,30,2,False
Sunflora,Grass,Unknown,425,75,75,55,105,85,30,2,False
Yanma,Bug,Flying,390,65,65,45,75,45,95,2,False
Wooper,Water,Ground,210,55,45,45,25,25,15,2,False
Quagsire,Water,Ground,430,95,85,85,65,65,35,2,False
Espeon,Psychic,Unknown,525,65,65,60,130,95,110,2,False
Umbreon,Dark,Unknown,525,95,65,110,60,130,65,2,False
Murkrow,Dark,Flying,405,60,85,42,85,42,91,2,False
Slowking,Water,Psychic,490,95,75,80,100,110,30,2,False
Misdreavus,Ghost,Unknown,435,60,60,60,85,85,85,2,False
Unown,Psychic,Unknown,336,48,72,48,72,48,48,2,False
Wobbuffet,Psychic,Unknown,405,190,33,58,33,58,33,2,False
Girafarig,Normal,Psychic,455,70,80,65,90,65,85,2,False
Pineco,Bug,Unknown,290,50,65,90,35,35,15,2,False
Forretress,Bug,Steel,465,75,90,140,60,60,40,2,False
Dunsparce,Normal,Unknown,415,100,70,70,65,65,45,2,False
Gligar,Ground,Flying,430,65,75,105,35,65,85,2,False
Steelix,Steel,Ground,510,75,85,200,55,65,30,2,False
Snubbull,Fairy,Unknown,300,60,80,50,40,40,30,2,False
Granbull,Fairy,Unknown,450,90,120,75,60,60,45,2,False
Qwilfish,Water,Poison,430,65,95,75,55,55,85,2,False
Scizor,Bug,Steel,500,70,130,100,55,80,65,2,False
Shuckle,Bug,Rock,505,20,10,230,10,230,5,2,False
Heracross,Bug,Fighting,500,80,125,75,40,95,85,2,False
Sneasel,Dark,Ice,430,55,95,55,35,75,115,2,False
Teddiursa,Normal,Unknown,330,60,80,50,50,50,40,2,False
Ursaring,Normal,Unknown,500,90,130,75,75,75,55,2,False
Slugma,Fire,Unknown,250,40,40,40,70,40,20,2,False
Magcargo,Fire,Rock,410,50,50,120,80,80,30,2,False
Swinub,Ice,Ground,250,50,50,40,30,30,50,2,False
Piloswine,Ice,Ground,450,100,100,80,60,60,50,2,False
Corsola,Water,Rock,380,55,55,85,65,85,35,2,False
Remoraid,Water,Unknown,300,35,65,35,65,35,65,2,False
Octillery,Water,Unknown,480,75,105,75,105,75,45,2,False
Delibird,Ice,Flying,330,45,55,45,65,45,75,2,False
Mantine,Water,Flying,465,65,40,70,80,140,70,2,False
Skarmory,Steel,Flying,465,65,80,140,40,70,70,2,False
Houndour,Dark,Fire,330,45,60,30,80,50,65,2,False
Houndoom,Dark,Fire,500,75,90,50,110,80,95,2,False
Kingdra,Water,Dragon,540,75,95,95,95,95,85,2,False
Phanpy,Ground,Unknown,330,90,60,60,40,40,40,2,False
Donphan,Ground,Unknown,500,90,120,120,60,60,50,2,False
Porygon2,Normal,Unknown,515,85,80,90,105,95,60,2,False
Stantler,Normal,Unknown,465,73,95,62,85,65,85,2,False
Smeargle,Normal,Unknown,250,55,20,35,20,45,75,2,False
Tyrogue,Fighting,Unknown,210,35,35,35,35,35,35,2,False
Hitmontop,Fighting,Unknown,455,50,95,95,35,110,70,2,False
Smoochum,Ice,Psychic,305,45,30,15,85,65,65,2,False
Elekid,Electric,Unknown,360,45,63,37,65,55,95,2,False
Magby,Fire,Unknown,365,45,75,37,70,55,83,2,False
Miltank,Normal,Unknown,490,95,80,105,40,70,100,2,False
Blissey,Normal,Unknown,540,255,10,10,75,135,55,2,False
Raikou,Electric,Unknown,580,90,85,75,115,100,115,2,True
Entei,Fire,Unknown,580,115,115,85,90,75,100,2,True
Suicune,Water,Unknown,580,100,75,115,90,115,85,2,True
Larvitar,Rock,Ground,300,50,64,50,45,50,41,2,False
Pupitar,Rock,Ground,410,70,84,70,65,70,51,2,False
Tyranitar,Rock,Dark,600,100,134,110,95,100,61,2,False
Lugia,Psychic,Flying,680,106,90,130,90,154,110,2,True
Ho-oh,Fire,Flying,680,106,130,90,110,154,90,2,True
Celebi,Psychic,Grass,600,100,100,100,100,100,100,2,False
Treecko,Grass,Unknown,310,40,45,35,65,55,70,3,False
Grovyle,Grass,Unknown,405,50,65,45,85,65,95,3,False
Sceptile,Grass,Unknown,530,70,85,65,105,85,120,3,False
Torchic,Fire,Unknown,310,45,60,40,70,50,45,3,False
Combusken,Fire,Fighting,405,60,85,60,85,60,55,3,False
Blaziken,Fire,Fighting,530,80,120,70,110,70,80,3,False
Mudkip,Water,Unknown,310,50,70,50,50,50,40,3,False
Marshtomp,Water,Ground,405,70,85,70,60,70,50,3,False
Swampert,Water,Ground,535,100,110,90,85,90,60,3,False
Poochyena,Dark,Unknown,220,35,55,35,30,30,35,3,False
Mightyena,Dark,Unknown,420,70,90,70,60,60,70,3,False
Zigzagoon,Normal,Unknown,240,38,30,41,30,41,60,3,False
Linoone,Normal,Unknown,420,78,70,61,50,61,100,3,False
Wurmple,Bug,Unknown,195,45,45,35,20,30,20,3,False
Silcoon,Bug,Unknown,205,50,35,55,25,25,15,3,False
Beautifly,Bug,Flying,395,60,70,50,100,50,65,3,False
Cascoon,Bug,Unknown,205,50,35,55,25,25,15,3,False
Dustox,Bug,Poison,385,60,50,70,50,90,65,3,False
Lotad,Water,Grass,220,40,30,30,40,50,30,3,False
Lombre,Water,Grass,340,60,50,50,60,70,50,3,False
Ludicolo,Water,Grass,480,80,70,70,90,100,70,3,False
Seedot,Grass,Unknown,220,40,40,50,30,30,30,3,False
Nuzleaf,Grass,Dark,340,70,70,40,60,40,60,3,False
Shiftry,Grass,Dark,480,90,100,60,90,60,80,3,False
Taillow,Normal,Flying,270,40,55,30,30,30,85,3,False
Swellow,Normal,Flying,430,60,85,60,50,50,125,3,False
Wingull,Water,Flying,270,40,30,30,55,30,85,3,False
Pelipper,Water,Flying,430,60,50,100,85,70,65,3,False
Ralts,Psychic,Fairy,198,28,25,25,45,35,40,3,False
Kirlia,Psychic,Fairy,278,38,35,35,65,55,50,3,False
Gardevoir,Psychic,Fairy,518,68,65,65,125,115,80,3,False
Surskit,Bug,Water,269,40,30,32,50,52,65,3,False
Masquerain,Bug,Flying,414,70,60,62,80,82,60,3,False
Shroomish,Grass,Unknown,295,60,40,60,40,60,35,3,False
Breloom,Grass,Fighting,460,60,130,80,60,60,70,3,False
Slakoth,Normal,Unknown,280,60,60,60,35,35,30,3,False
Vigoroth,Normal,Unknown,440,80,80,80,55,55,90,3,False
Slaking,Normal,Unknown,670,150,160,100,95,65,100,3,False
Nincada,Bug,Ground,266,31,45,90,30,30,40,3,False
Ninjask,Bug,Flying,456,61,90,45,50,50,160,3,False
Shedinja,Bug,Ghost,236,1,90,45,30,30,40,3,False
Whismur,Normal,Unknown,240,64,51,23,51,23,28,3,False
Loudred,Normal,Unknown,360,84,71,43,71,43,48,3,False
Exploud,Normal,Unknown,490,104,91,63,91,73,68,3,False
Makuhita,Fighting,Unknown,237,72,60,30,20,30,25,3,False
Hariyama,Fighting,Unknown,474,144,120,60,40,60,50,3,False
Azurill,Normal,Fairy,190,50,20,40,20,40,20,3,False
Nosepass,Rock,Unknown,375,30,45,135,45,90,30,3,False
Skitty,Normal,Unknown,260,50,45,45,35,35,50,3,False
Delcatty,Normal,Unknown,380,70,65,65,55,55,70,3,False
Sableye,Dark,Ghost,380,50,75,75,65,65,50,3,False
Mawile,Steel,Fairy,380,50,85,85,55,55,50,3,False
Aron,Steel,Rock,330,50,70,100,40,40,30,3,False
Lairon,Steel,Rock,430,60,90,140,50,50,40,3,False
Aggron,Steel,Rock,530,70,110,180,60,60,50,3,False
Meditite,Fighting,Psychic,280,30,40,55,40,55,60,3,False
Medicham,Fighting,Psychic,410,60,60,75,60,75,80,3,False
Electrike,Electric,Unknown,295,40,45,40,65,40,65,3,False
Manectric,Electric,Unknown,475,70,75,60,105,60,105,3,False
Plusle,Electric,Unknown,405,60,50,40,85,75,95,3,False
Minun,Electric,Unknown,405,60,40,50,75,85,95,3,False
Volbeat,Bug,Unknown,400,65,73,55,47,75,85,3,False
Illumise,Bug,Unknown,400,65,47,55,73,75,85,3,False
Roselia,Grass,Poison,400,50,60,45,100,80,65,3,False
Gulpin,Poison,Unknown,302,70,43,53,43,53,40,3,False
Swalot,Poison,Unknown,467,100,73,83,73,83,55,3,False
Carvanha,Water,Dark,305,45,90,20,65,20,65,3,False
Sharpedo,Water,Dark,460,70,120,40,95,40,95,3,False
Wailmer,Water,Unknown,400,130,70,35,70,35,60,3,False
Wailord,Water,Unknown,500,170,90,45,90,45,60,3,False
Numel,Fire,Ground,305,60,60,40,65,45,35,3,False
Camerupt,Fire,Ground,460,70,100,70,105,75,40,3,False
Torkoal,Fire,Unknown,470,70,85,140,85,70,20,3,False
Spoink,Psychic,Unknown,330,60,25,35,70,80,60,3,False
Grumpig,Psychic,Unknown,470,80,45,65,90,110,80,3,False
Spinda,Normal,Unknown,360,60,60,60,60,60,60,3,False
Trapinch,Ground,Unknown,290,45,100,45,45,45,10,3,False
Vibrava,Ground,Dragon,340,50,70,50,50,50,70,3,False
Flygon,Ground,Dragon,520,80,100,80,80,80,100,3,False
Cacnea,Grass,Unknown,335,50,85,40,85,40,35,3,False
Cacturne,Grass,Dark,475,70,115,60,115,60,55,3,False
Swablu,Normal,Flying,310,45,40,60,40,75,50,3,False
Altaria,Dragon,Flying,490,75,70,90,70,105,80,3,False
Zangoose,Normal,Unknown,458,73,115,60,60,60,90,3,False
Seviper,Poison,Unknown,458,73,100,60,100,60,65,3,False
Lunatone,Rock,Psychic,440,70,55,65,95,85,70,3,False
Solrock,Rock,Psychic,440,70,95,85,55,65,70,3,False
Barboach,Water,Ground,288,50,48,43,46,41,60,3,False
Whiscash,Water,Ground,468,110,78,73,76,71,60,3,False
Corphish,Water,Unknown,308,43,80,65,50,35,35,3,False
Crawdaunt,Water,Dark,468,63,120,85,90,55,55,3,False
Baltoy,Ground,Psychic,300,40,40,55,40,70,55,3,False
Claydol,Ground,Psychic,500,60,70,105,70,120,75,3,False
Lileep,Rock,Grass,355,66,41,77,61,87,23,3,False
Cradily,Rock,Grass,495,86,81,97,81,107,43,3,False
Anorith,Rock,Bug,355,45,95,50,40,50,75,3,False
Armaldo,Rock,Bug,495,75,125,100,70,80,45,3,False
Feebas,Water,Unknown,200,20,15,20,10,55,80,3,False
Milotic,Water,Unknown,540,95,60,79,100,125,81,3,False
Castform,Normal,Unknown,420,70,70,70,70,70,70,3,False
Kecleon,Normal,Unknown,440,60,90,70,60,120,40,3,False
Shuppet,Ghost,Unknown,295,44,75,35,63,33,45,3,False
Banette,Ghost,Unknown,455,64,115,65,83,63,65,3,False
Duskull,Ghost,Unknown,295,20,40,90,30,90,25,3,False
Dusclops,Ghost,Unknown,455,40,70,130,60,130,25,3,False
Tropius,Grass,Flying,460,99,68,83,72,87,51,3,False
Chimecho,Psychic,Unknown,425,65,50,70,95,80,65,3,False
Absol,Dark,Unknown,465,65,130,60,75,60,75,3,False
Wynaut,Psychic,Unknown,260,95,23,48,23,48,23,3,False
Snorunt,Ice,Unknown,300,50,50,50,50,50,50,3,False
Glalie,Ice,Unknown,480,80,80,80,80,80,80,3,False
Spheal,Ice,Water,290,70,40,50,55,50,25,3,False
Sealeo,Ice,Water,410,90,60,70,75,70,45,3,False
Walrein,Ice,Water,530,110,80,90,95,90,65,3,False
Clamperl,Water,Unknown,345,35,64,85,74,55,32,3,False
Huntail,Water,Unknown,485,55,104,105,94,75,52,3,False
Gorebyss,Water,Unknown,485,55,84,105,114,75,52,3,False
Relicanth,Water,Rock,485,100,90,130,45,65,55,3,False
Luvdisc,Water,Unknown,330,43,30,55,40,65,97,3,False
Bagon,Dragon,Unknown,300,45,75,60,40,30,50,3,False
Shelgon,Dragon,Unknown,420,65,95,100,60,50,50,3,False
Salamence,Dragon,Flying,600,95,135,80,110,80,100,3,False
Beldum,Steel,Psychic,300,40,55,80,35,60,30,3,False
Metang,Steel,Psychic,420,60,75,100,55,80,50,3,False
Metagross,Steel,Psychic,600,80,135,130,95,90,70,3,False
Regirock,Rock,Unknown,580,80,100,200,50,100,50,3,True
Regice,Ice,Unknown,580,80,50,100,100,200,50,3,True
Registeel,Steel,Unknown,580,80,75,150,75,150,50,3,True
Latias,Dragon,Psychic,600,80,80,90,110,130,110,3,True
Latios,Dragon,Psychic,600,80,90,80,130,110,110,3,True
Kyogre,Water,Unknown,670,100,100,90,150,140,90,3,True
Groudon,Ground,Unknown,670,100,150,140,100,90,90,3,True
Rayquaza,Dragon,Flying,680,105,150,90,150,90,95,3,True
Jirachi,Steel,Psychic,600,100,100,100,100,100,100,3,True
DeoxysNormal Forme,Psychic,Unknown,600,50,150,50,150,50,150,3,True
Turtwig,Grass,Unknown,318,55,68,64,45,55,31,4,False
Grotle,Grass,Unknown,405,75,89,85,55,65,36,4,False
Torterra,Grass,Ground,525,95,109,105,75,85,56,4,False
Chimchar,Fire,Unknown,309,44,58,44,58,44,61,4,False
Monferno,Fire,Fighting,405,64,78,52,78,52,81,4,False
Infernape,Fire,Fighting,534,76,104,71,104,71,108,4,False
Piplup,Water,Unknown,314,53,51,53,61,56,40,4,False
Prinplup,Water,Unknown,405,64,66,68,81,76,50,4,False
Empoleon,Water,Steel,530,84,86,88,111,101,60,4,False
Starly,Normal,Flying,245,40,55,30,30,30,60,4,False
Staravia,Normal,Flying,340,55,75,50,40,40,80,4,False
Staraptor,Normal,Flying,485,85,120,70,50,60,100,4,False
Bidoof,Normal,Unknown,250,59,45,40,35,40,31,4,False
Bibarel,Normal,Water,410,79,85,60,55,60,71,4,False
Kricketot,Bug,Unknown,194,37,25,41,25,41,25,4,False
Kricketune,Bug,Unknown,384,77,85,51,55,51,65,4,False
Shinx,Electric,Unknown,263,45,65,34,40,34,45,4,False
Luxio,Electric,Unknown,363,60,85,49,60,49,60,4,False
Luxray,Electric,Unknown,523,80,120,79,95,79,70,4,False
Budew,Grass,Poison,280,40,30,35,50,70,55,4,False
Roserade,Grass,Poison,515,60,70,65,125,105,90,4,False
Cranidos,Rock,Unknown,350,67,125,40,30,30,58,4,False
Rampardos,Rock,Unknown,495,97,165,60,65,50,58,4,False
Shieldon,Rock,Steel,350,30,42,118,42,88,30,4,False
Bastiodon,Rock,Steel,495,60,52,168,47,138,30,4,False
Burmy,Bug,Unknown,224,40,29,45,29,45,36,4,False
WormadamPlant Cloak,Bug,Grass,424,60,59,85,79,105,36,4,False
Mothim,Bug,Flying,424,70,94,50,94,50,66,4,False
Combee,Bug,Flying,244,30,30,42,30,42,70,4,False
Vespiquen,Bug,Flying,474,70,80,102,80,102,40,4,False
Pachirisu,Electric,Unknown,405,60,45,70,45,90,95,4,False
Buizel,Water,Unknown,330,55,65,35,60,30,85,4,False
Floatzel,Water,Unknown,495,85,105,55,85,50,115,4,False
Cherubi,Grass,Unknown,275,45,35,45,62,53,35,4,False
Cherrim,Grass,Unknown,450,70,60,70,87,78,85,4,False
Shellos,Water,Unknown,325,76,48,48,57,62,34,4,False
Gastrodon,Water,Ground,475,111,83,68,92,82,39,4,False
Ambipom,Normal,Unknown,482,75,100,66,60,66,115,4,False
Drifloon,Ghost,Flying,348,90,50,34,60,44,70,4,False
Drifblim,Ghost,Flying,498,150,80,44,90,54,80,4,False
Buneary,Normal,Unknown,350,55,66,44,44,56,85,4,False
Lopunny,Normal,Unknown,480,65,76,84,54,96,105,4,False
Mismagius,Ghost,Unknown,495,60,60,60,105,105,105,4,False
Honchkrow,Dark,Flying,505,100,125,52,105,52,71,4,False
Glameow,Normal,Unknown,310,49,55,42,42,37,85,4,False
Purugly,Normal,Unknown,452,71,82,64,64,59,112,4,False
Chingling,Psychic,Unknown,285,45,30,50,65,50,45,4,False
Stunky,Poison,Dark,329,63,63,47,41,41,74,4,False
Skuntank,Poison,Dark,479,103,93,67,71,61,84,4,False
Bronzor,Steel,Psychic,300,57,24,86,24,86,23,4,False
Bronzong,Steel,Psychic,500,67,89,116,79,116,33,4,False
Bonsly,Rock,Unknown,290,50,80,95,10,45,10,4,False
Mime Jr.,Psychic,Fairy,310,20,25,45,70,90,60,4,False
Happiny,Normal,Unknown,220,100,5,5,15,65,30,4,False
Chatot,Normal,Flying,411,76,65,45,92,42,91,4,False
Spiritomb,Ghost,Dark,485,50,92,108,92,108,35,4,False
Gible,Dragon,Ground,300,58,70,45,40,45,42,4,False
Gabite,Dragon,Ground,410,68,90,65,50,55,82,4,False
Garchomp,Dragon,Ground,600,108,130,95,80,85,102,4,False
Munchlax,Normal,Unknown,390,135,85,40,40,85,5,4,False
Riolu,Fighting,Unknown,285,40,70,40,35,40,60,4,False
Lucario,Fighting,Steel,525,70,110,70,115,70,90,4,False
Hippopotas,Ground,Unknown,330,68,72,78,38,42,32,4,False
Hippowdon,Ground,Unknown,525,108,112,118,68,72,47,4,False
Skorupi,Poison,Bug,330,40,50,90,30,55,65,4,False
Drapion,Poison,Dark,500,70,90,110,60,75,95,4,False
Croagunk,Poison,Fighting,300,48,61,40,61,40,50,4,False
Toxicroak,Poison,Fighting,490,83,106,65,86,65,85,4,False
Carnivine,Grass,Unknown,454,74,100,72,90,72,46,4,False
Finneon,Water,Unknown,330,49,49,56,49,61,66,4,False
Lumineon,Water,Unknown,460,69,69,76,69,86,91,4,False
Mantyke,Water,Flying,345,45,20,50,60,120,50,4,False
Snover,Grass,Ice,334,60,62,50,62,60,40,4,False
Abomasnow,Grass,Ice,494,90,92,75,92,85,60,4,False
Weavile,Dark,Ice,510,70,120,65,45,85,125,4,False
Magnezone,Electric,Steel,535,70,70,115,130,90,60,4,False
Lickilicky,Normal,Unknown,515,110,85,95,80,95,50,4,False
Rhyperior,Ground,Rock,535,115,140,130,55,55,40,4,False
Tangrowth,Grass,Unknown,535,100,100,125,110,50,50,4,False
Electivire,Electric,Unknown,540,75,123,67,95,85,95,4,False
Magmortar,Fire,Unknown,540,75,95,67,125,95,83,4,False
Togekiss,Fairy,Flying,545,85,50,95,120,115,80,4,False
Yanmega,Bug,Flying,515,86,76,86,116,56,95,4,False
Leafeon,Grass,Unknown,525,65,110,130,60,65,95,4,False
Glaceon,Ice,Unknown,525,65,60,110,130,95,65,4,False
Gliscor,Ground,Flying,510,75,95,125,45,75,95,4,False
Mamoswine,Ice,Ground,530,110,130,80,70,60,80,4,False
Porygon-Z,Normal,Unknown,535,85,80,70,135,75,90,4,False
Gallade,Psychic,Fighting,518,68,125,65,65,115,80,4,False
Probopass,Rock,Steel,525,60,55,145,75,150,40,4,False
Dusknoir,Ghost,Unknown,525,45,100,135,65,135,45,4,False
Froslass,Ice,Ghost,480,70,80,70,80,70,110,4,False
Rotom,Electric,Ghost,440,50,50,77,95,77,91,4,False
Uxie,Psychic,Unknown,580,75,75,130,75,130,95,4,True
Mesprit,Psychic,Unknown,580,80,105,105,105,105,80,4,True
Azelf,Psychic,Unknown,580,75,125,70,125,70,115,4,True
Dialga,Steel,Dragon,680,100,120,120,150,100,90,4,True
Palkia,Water,Dragon,680,90,120,100,150,120,100,4,True
Heatran,Fire,Steel,600,91,90,106,130,106,77,4,True
Regigigas,Normal,Unknown,670,110,160,110,80,110,100,4,True
GiratinaAltered Forme,Ghost,Dragon,680,150,100,120,100,120,90,4,True
Cresselia,Psychic,Unknown,600,120,70,120,75,130,85,4,False
Phione,Water,Unknown,480,80,80,80,80,80,80,4,False
Manaphy,Water,Unknown,600,100,100,100,100,100,100,4,False
Darkrai,Dark,Unknown,600,70,90,90,135,90,125,4,True
ShayminLand Forme,Grass,Unknown,600,100,100,100,100,100,100,4,True
Arceus,Normal,Unknown,720,120,120,120,120,120,120,4,True
Victini,Psychic,Fire,600,100,100,100,100,100,100,5,True
Snivy,Grass,Unknown,308,45,45,55,45,55,63,5,False
Servine,Grass,Unknown,413,60,60,75,60,75,83,5,False
Serperior,Grass,Unknown,528,75,75,95,75,95,113,5,False
Tepig,Fire,Unknown,308,65,63,45,45,45,45,5,False
Pignite,Fire,Fighting,418,90,93,55,70,55,55,5,False
Emboar,Fire,Fighting,528,110,123,65,100,65,65,5,False
Oshawott,Water,Unknown,308,55,55,45,63,45,45,5,False
Dewott,Water,Unknown,413,75,75,60,83,60,60,5,False
Samurott,Water,Unknown,528,95,100,85,108,70,70,5,False
Patrat,Normal,Unknown,255,45,55,39,35,39,42,5,False
Watchog,Normal,Unknown,420,60,85,69,60,69,77,5,False
Lillipup,Normal,Unknown,275,45,60,45,25,45,55,5,False
Herdier,Normal,Unknown,370,65,80,65,35,65,60,5,False
Stoutland,Normal,Unknown,500,85,110,90,45,90,80,5,False
Purrloin,Dark,Unknown,281,41,50,37,50,37,66,5,False
Liepard,Dark,Unknown,446,64,88,50,88,50,106,5,False
Pansage,Grass,Unknown,316,50,53,48,53,48,64,5,False
Simisage,Grass,Unknown,498,75,98,63,98,63,101,5,False
Pansear,Fire,Unknown,316,50,53,48,53,48,64,5,False
Simisear,Fire,Unknown,498,75,98,63,98,63,101,5,False
Panpour,Water,Unknown,316,50,53,48,53,48,64,5,False
Simipour,Water,Unknown,498,75,98,63,98,63,101,5,False
Munna,Psychic,Unknown,292,76,25,45,67,55,24,5,False
Musharna,Psychic,Unknown,487,116,55,85,107,95,29,5,False
Pidove,Normal,Flying,264,50,55,50,36,30,43,5,False
Tranquill,Normal,Flying,358,62,77,62,50,42,65,5,False
Unfezant,Normal,Flying,488,80,115,80,65,55,93,5,False
Blitzle,Electric,Unknown,295,45,60,32,50,32,76,5,False
Zebstrika,Electric,Unknown,497,75,100,63,80,63,116,5,False
Roggenrola,Rock,Unknown,280,55,75,85,25,25,15,5,False
Boldore,Rock,Unknown,390,70,105,105,50,40,20,5,False
Gigalith,Rock,Unknown,515,85,135,130,60,80,25,5,False
Woobat,Psychic,Flying,313,55,45,43,55,43,72,5,False
Swoobat,Psychic,Flying,425,67,57,55,77,55,114,5,False
Drilbur,Ground,Unknown,328,60,85,40,30,45,68,5,False
Excadrill,Ground,Steel,508,110,135,60,50,65,88,5,False
Audino,Normal,Unknown,445,103,60,86,60,86,50,5,False
Timburr,Fighting,Unknown,305,75,80,55,25,35,35,5,False
Gurdurr,Fighting,Unknown,405,85,105,85,40,50,40,5,False
Conkeldurr,Fighting,Unknown,505,105,140,95,55,65,45,5,False
Tympole,Water,Unknown,294,50,50,40,50,40,64,5,False
Palpitoad,Water,Ground,384,75,65,55,65,55,69,5,False
Seismitoad,Water,Ground,509,105,95,75,85,75,74,5,False
Throh,Fighting,Unknown,465,120,100,85,30,85,45,5,False
Sawk,Fighting,Unknown,465,75,125,75,30,75,85,5,False
Sewaddle,Bug,Grass,310,45,53,70,40,60,42,5,False
Swadloon,Bug,Grass,380,55,63,90,50,80,42,5,False
Leavanny,Bug,Grass,500,75,103,80,70,80,92,5,False
Venipede,Bug,Poison,260,30,45,59,30,39,57,5,False
Whirlipede,Bug,Poison,360,40,55,99,40,79,47,5,False
Scolipede,Bug,Poison,485,60,100,89,55,69,112,5,False
Cottonee,Grass,Fairy,280,40,27,60,37,50,66,5,False
Whimsicott,Grass,Fairy,480,60,67,85,77,75,116,5,False
Petilil,Grass,Unknown,280,45,35,50,70,50,30,5,False
Lilligant,Grass,Unknown,480,70,60,75,110,75,90,5,False
Basculin,Water,Unknown,460,70,92,65,80,55,98,5,False
Sandile,Ground,Dark,292,50,72,35,35,35,65,5,False
Krokorok,Ground,Dark,351,60,82,45,45,45,74,5,False
Krookodile,Ground,Dark,519,95,117,80,65,70,92,5,False
Darumaka,Fire,Unknown,315,70,90,45,15,45,50,5,False
DarmanitanStandard Mode,Fire,Unknown,480,105,140,55,30,55,95,5,False
Maractus,Grass,Unknown,461,75,86,67,106,67,60,5,False
Dwebble,Bug,Rock,325,50,65,85,35,35,55,5,False
Crustle,Bug,Rock,475,70,95,125,65,75,45,5,False
Scraggy,Dark,Fighting,348,50,75,70,35,70,48,5,False
Scrafty,Dark,Fighting,488,65,90,115,45,115,58,5,False
Sigilyph,Psychic,Flying,490,72,58,80,103,80,97,5,False
Yamask,Ghost,Unknown,303,38,30,85,55,65,30,5,False
Cofagrigus,Ghost,Unknown,483,58,50,145,95,105,30,5,False
Tirtouga,Water,Rock,355,54,78,103,53,45,22,5,False
Carracosta,Water,Rock,495,74,108,133,83,65,32,5,False
Archen,Rock,Flying,401,55,112,45,74,45,70,5,False
Archeops,Rock,Flying,567,75,140,65,112,65,110,5,False
Trubbish,Poison,Unknown,329,50,50,62,40,62,65,5,False
Garbodor,Poison,Unknown,474,80,95,82,60,82,75,5,False
Zorua,Dark,Unknown,330,40,65,40,80,40,65,5,False
Zoroark,Dark,Unknown,510,60,105,60,120,60,105,5,False
Minccino,Normal,Unknown,300,55,50,40,40,40,75,5,False
Cinccino,Normal,Unknown,470,75,95,60,65,60,115,5,False
Gothita,Psychic,Unknown,290,45,30,50,55,65,45,5,False
Gothorita,Psychic,Unknown,390,60,45,70,75,85,55,5,False
Gothitelle,Psychic,Unknown,490,70,55,95,95,110,65,5,False
Solosis,Psychic,Unknown,290,45,30,40,105,50,20,5,False
Duosion,Psychic,Unknown,370,65,40,50,125,60,30,5,False
Reuniclus,Psychic,Unknown,490,110,65,75,125,85,30,5,False
Ducklett,Water,Flying,305,62,44,50,44,50,55,5,False
Swanna,Water,Flying,473,75,87,63,87,63,98,5,False
Vanillite,Ice,Unknown,305,36,50,50,65,60,44,5,False
Vanillish,Ice,Unknown,395,51,65,65,80,75,59,5,False
Vanilluxe,Ice,Unknown,535,71,95,85,110,95,79,5,False
Deerling,Normal,Grass,335,60,60,50,40,50,75,5,False
Sawsbuck,Normal,Grass,475,80,100,70,60,70,95,5,False
Emolga,Electric,Flying,428,55,75,60,75,60,103,5,False
Karrablast,Bug,Unknown,315,50,75,45,40,45,60,5,False
Escavalier,Bug,Steel,495,70,135,105,60,105,20,5,False
Foongus,Grass,Poison,294,69,55,45,55,55,15,5,False
Amoonguss,Grass,Poison,464,114,85,70,85,80,30,5,False
Frillish,Water,Ghost,335,55,40,50,65,85,40,5,False
Jellicent,Water,Ghost,480,100,60,70,85,105,60,5,False
Alomomola,Water,Unknown,470,165,75,80,40,45,65,5,False
Joltik,Bug,Electric,319,50,47,50,57,50,65,5,False
Galvantula,Bug,Electric,472,70,77,60,97,60,108,5,False
Ferroseed,Grass,Steel,305,44,50,91,24,86,10,5,False
Ferrothorn,Grass,Steel,489,74,94,131,54,116,20,5,False
Klink,Steel,Unknown,300,40,55,70,45,60,30,5,False
Klang,Steel,Unknown,440,60,80,95,70,85,50,5,False
Klinklang,Steel,Unknown,520,60,100,115,70,85,90,5,False
Tynamo,Electric,Unknown,275,35,55,40,45,40,60,5,False
Eelektrik,Electric,Unknown,405,65,85,70,75,70,40,5,False
Eelektross,Electric,Unknown,515,85,115,80,105,80,50,5,False
Elgyem,Psychic,Unknown,335,55,55,55,85,55,30,5,False
Beheeyem,Psychic,Unknown,485,75,75,75,125,95,40,5,False
Litwick,Ghost,Fire,275,50,30,55,65,55,20,5,False
Lampent,Ghost,Fire,370,60,40,60,95,60,55,5,False
Chandelure,Ghost,Fire,520,60,55,90,145,90,80,5,False
Axew,Dragon,Unknown,320,46,87,60,30,40,57,5,False
Fraxure,Dragon,Unknown,410,66,117,70,40,50,67,5,False
Haxorus,Dragon,Unknown,540,76,147,90,60,70,97,5,False
Cubchoo,Ice,Unknown,305,55,70,40,60,40,40,5,False
Beartic,Ice,Unknown,485,95,110,80,70,80,50,5,False
Cryogonal,Ice,Unknown,485,70,50,30,95,135,105,5,False
Shelmet,Bug,Unknown,305,50,40,85,40,65,25,5,False
Accelgor,Bug,Unknown,495,80,70,40,100,60,145,5,False
Stunfisk,Ground,Electric,471,109,66,84,81,99,32,5,False
Mienfoo,Fighting,Unknown,350,45,85,50,55,50,65,5,False
Mienshao,Fighting,Unknown,510,65,125,60,95,60,105,5,False
Druddigon,Dragon,Unknown,485,77,120,90,60,90,48,5,False
Golett,Ground,Ghost,303,59,74,50,35,50,35,5,False
Golurk,Ground,Ghost,483,89,124,80,55,80,55,5,False
Pawniard,Dark,Steel,340,45,85,70,40,40,60,5,False
Bisharp,Dark,Steel,490,65,125,100,60,70,70,5,False
Bouffalant,Normal,Unknown,490,95,110,95,40,95,55,5,False
Rufflet,Normal,Flying,350,70,83,50,37,50,60,5,False
Braviary,Normal,Flying,510,100,123,75,57,75,80,5,False
Vullaby,Dark,Flying,370,70,55,75,45,65,60,5,False
Mandibuzz,Dark,Flying,510,110,65,105,55,95,80,5,False
Heatmor,Fire,Unknown,484,85,97,66,105,66,65,5,False
Durant,Bug,Steel,484,58,109,112,48,48,109,5,False
Deino,Dark,Dragon,300,52,65,50,45,50,38,5,False
Zweilous,Dark,Dragon,420,72,85,70,65,70,58,5,False
Hydreigon,Dark,Dragon,600,92,105,90,125,90,98,5,False
Larvesta,Bug,Fire,360,55,85,55,50,55,60,5,False
Volcarona,Bug,Fire,550,85,60,65,135,105,100,5,False
Cobalion,Steel,Fighting,580,91,90,129,90,72,108,5,True
Terrakion,Rock,Fighting,580,91,129,90,72,90,108,5,True
Virizion,Grass,Fighting,580,91,90,72,90,129,108,5,True
TornadusIncarnate Forme,Flying,Unknown,580,79,115,70,125,80,111,5,True
ThundurusIncarnate Forme,Electric,Flying,580,79,115,70,125,80,111,5,True
Reshiram,Dragon,Fire,680,100,120,100,150,120,90,5,True
Zekrom,Dragon,Electric,680,100,150,120,120,100,90,5,True
LandorusIncarnate Forme,Ground,Flying,600,89,125,90,115,80,101,5,True
Kyurem,Dragon,Ice,660,125,130,90,130,90,95,5,True
KeldeoOrdinary Forme,Water,Fighting,580,91,72,90,129,90,108,5,False
MeloettaAria Forme,Normal,Psychic,600,100,77,77,128,128,90,5,False
Genesect,Bug,Steel,600,71,120,95,120,95,99,5,False
Chespin,Grass,Unknown,313,56,61,65,48,45,38,6,False
Quilladin,Grass,Unknown,405,61,78,95,56,58,57,6,False
Chesnaught,Grass,Fighting,530,88,107,122,74,75,64,6,False
Fennekin,Fire,Unknown,307,40,45,40,62,60,60,6,False
Braixen,Fire,Unknown,409,59,59,58,90,70,73,6,False
Delphox,Fire,Psychic,534,75,69,72,114,100,104,6,False
Froakie,Water,Unknown,314,41,56,40,62,44,71,6,False
Frogadier,Water,Unknown,405,54,63,52,83,56,97,6,False
Greninja,Water,Dark,530,72,95,67,103,71,122,6,False
Bunnelby,Normal,Unknown,237,38,36,38,32,36,57,6,False
Diggersby,Normal,Ground,423,85,56,77,50,77,78,6,False
Fletchling,Normal,Flying,278,45,50,43,40,38,62,6,False
Fletchinder,Fire,Flying,382,62,73,55,56,52,84,6,False
Talonflame,Fire,Flying,499,78,81,71,74,69,126,6,False
Scatterbug,Bug,Unknown,200,38,35,40,27,25,35,6,False
Spewpa,Bug,Unknown,213,45,22,60,27,30,29,6,False
Vivillon,Bug,Flying,411,80,52,50,90,50,89,6,False
Litleo,Fire,Normal,369,62,50,58,73,54,72,6,False
Pyroar,Fire,Normal,507,86,68,72,109,66,106,6,False
Flabébé,Fairy,Unknown,303,44,38,39,61,79,42,6,False
Floette,Fairy,Unknown,371,54,45,47,75,98,52,6,False
Florges,Fairy,Unknown,552,78,65,68,112,154,75,6,False
Skiddo,Grass,Unknown,350,66,65,48,62,57,52,6,False
Gogoat,Grass,Unknown,531,123,100,62,97,81,68,6,False
Pancham,Fighting,Unknown,348,67,82,62,46,48,43,6,False
Pangoro,Fighting,Dark,495,95,124,78,69,71,58,6,False
Furfrou,Normal,Unknown,472,75,80,60,65,90,102,6,False
Espurr,Psychic,Unknown,355,62,48,54,63,60,68,6,False
MeowsticMale,Psychic,Unknown,466,74,48,76,83,81,104,6,False
Honedge,Steel,Ghost,325,45,80,100,35,37,28,6,False
Doublade,Steel,Ghost,448,59,110,150,45,49,35,6,False
AegislashBlade Forme,Steel,Ghost,520,60,150,50,150,50,60,6,False
Spritzee,Fairy,Unknown,341,78,52,60,63,65,23,6,False
Aromatisse,Fairy,Unknown,462,101,72,72,99,89,29,6,False
Swirlix,Fairy,Unknown,341,62,48,66,59,57,49,6,False
Slurpuff,Fairy,Unknown,480,82,80,86,85,75,72,6,False
Inkay,Dark,Psychic,288,53,54,53,37,46,45,6,False
Malamar,Dark,Psychic,482,86,92,88,68,75,73,6,False
Binacle,Rock,Water,306,42,52,67,39,56,50,6,False
Barbaracle,Rock,Water,500,72,105,115,54,86,68,6,False
Skrelp,Poison,Water,320,50,60,60,60,60,30,6,False
Dragalge,Poison,Dragon,494,65,75,90,97,123,44,6,False
Clauncher,Water,Unknown,330,50,53,62,58,63,44,6,False
Clawitzer,Water,Unknown,500,71,73,88,120,89,59,6,False
Helioptile,Electric,Normal,289,44,38,33,61,43,70,6,False
Heliolisk,Electric,Normal,481,62,55,52,109,94,109,6,False
Tyrunt,Rock,Dragon,362,58,89,77,45,45,48,6,False
Tyrantrum,Rock,Dragon,521,82,121,119,69,59,71,6,False
Amaura,Rock,Ice,362,77,59,50,67,63,46,6,False
Aurorus,Rock,Ice,521,123,77,72,99,92,58,6,False
Sylveon,Fairy,Unknown,525,95,65,65,110,130,60,6,False
Hawlucha,Fighting,Flying,500,78,92,75,74,63,118,6,False
Dedenne,Electric,Fairy,431,67,58,57,81,67,101,6,False
Carbink,Rock,Fairy,500,50,50,150,50,150,50,6,False
Goomy,Dragon,Unknown,300,45,50,35,55,75,40,6,False
Sliggoo,Dragon,Unknown,452,68,75,53,83,113,60,6,False
Goodra,Dragon,Unknown,600,90,100,70,110,150,80,6,False
Klefki,Steel,Fairy,470,57,80,91,80,87,75,6,False
Phantump,Ghost,Grass,309,43,70,48,50,60,38,6,False
Trevenant,Ghost,Grass,474,85,110,76,65,82,56,6,False
PumpkabooAverage Size,Ghost,Grass,335,49,66,70,44,55,51,6,False
GourgeistAverage Size,Ghost,Grass,494,65,90,122,58,75,84,6,False
Bergmite,Ice,Unknown,304,55,69,85,32,35,28,6,False
Avalugg,Ice,Unknown,514,95,117,184,44,46,28,6,False
Noibat,Flying,Dragon,245,40,30,35,45,40,55,6,False
Noivern,Flying,Dragon,535,85,70,80,97,80,123,6,False
Xerneas,Fairy,Unknown,680,126,131,95,131,98,99,6,True
Yveltal,Dark,Flying,680,126,131,95,131,98,99,6,True
Zygarde50% Forme,Dragon,Ground,600,108,100,121,81,95,95,6,True
Diancie,Rock,Fairy,600,50,100,150,100,150,50,6,True
HoopaHoopa Confined,Psychic,Ghost,600,80,110,60,150,130,70,6,True
Volcanion,Fire,Water,600,80,110,120,130,90,70,6,True
